codigo_mesa,region,consejero,provincia,distrito,electores,latitud,longitud
100001,Áncash,Consejero X,Santa,Chimbote,300,-9.074,-78.593
100002,Áncash,Consejero X,Santa,Chimbote,300,-9.075,-78.594
100003,Áncash,Consejero X,Santa,Chimbote,300,-9.076,-78.595
100004,Áncash,Consejero X,Santa,Chimbote,300,-9.077,-78.596
100005,Áncash,Consejero X,Santa,Chimbote,300,-9.078,-78.597
100006,Áncash,Consejero X,Santa,Chimbote,300,-9.079,-78.598
100007,Áncash,Consejero X,Santa,Chimbote,300,-9.080,-78.599
100008,Áncash,Consejero X,Santa,Chimbote,300,-9.081,-78.600
100009,Áncash,Consejero X,Santa,Chimbote,300,-9.082,-78.601
100010,Áncash,Consejero X,Santa,Chimbote,300,-9.083,-78.602
100011,Áncash,Consejero X,Santa,Nuevo Chimbote,300,-9.114,-78.533
100012,Áncash,Consejero X,Santa,Nuevo Chimbote,300,-9.115,-78.534
100013,Áncash,Consejero X,Santa,Nuevo Chimbote,300,-9.116,-78.535
100014,Áncash,Consejero X,Santa,Nuevo Chimbote,300,-9.117,-78.536
100015,Áncash,Consejero X,Santa,Nuevo Chimbote,300,-9.118,-78.537
100016,Áncash,Consejero X,Santa,Nuevo Chimbote,300,-9.119,-78.538
100017,Áncash,Consejero X,Santa,Nuevo Chimbote,300,-9.120,-78.539
100018,Áncash,Consejero X,Santa,Nuevo Chimbote,300,-9.121,-78.540
100019,Áncash,Consejero X,Santa,Nuevo Chimbote,300,-9.122,-78.541
100020,Áncash,Consejero X,Santa,Nuevo Chimbote,300,-9.123,-78.542
